lemma	rank
et	1
sum	2
qui	3
que	4
in	5
non	6
hic	7
ille	8
tu	9
cum	10
ego	11
is	13
ad	14
ut	15
si	16
sui	17
omnis	18
nec	19
sed	20
a	21
ipse	22
possum	23
aut	24
magnus	25
ex	26
suus	27
do	28
quam	29
per	30
video	31
facio	32
dico	33
iam	34
atque	35
ac	36
alius	37
res	38
habeo	39
animus	40
meus	41
deus	42
multus	43
tuus	44
fero	45
de	46
ne	47
manus	48
nullus	49
nunc	50
nos	51
noster	52
unus	53
dies	54
nihil	55
tum	56
enim	57
tamen	58
idem	59
rex	60
nam	61
locus	62
venio	63
inter	64
pars	65
volo	66
etiam	67
bonus	68
ago	69
terra	70
pater	71
neque	72
domus	73
at	74
corpus	75
quoque	76
aliquis	77
totus	78
sic	79
iste	81
urbs	82
peto	83
iubeo	84
vir	85
bellum	86
vita	87
homo	88
tempus	89
magis	90
primus	91
ubi	92
hostis	93
an	94
mors	95
tam	96
eo	97
arma	98
superus	99
nisi	100
vinco	101
pono	102
dum	103
sine	104
tantus	105
teneo	106
causa	107
sequor	108
credo	109
accipio	110
virtus	111
ante	112
quaero	113
mitto	114
vis	115
amor	116
caelum	117
sub	118
nox	119
ita	120
regnum	121
populus	122
autem	123
caput	124
mare	125
quidam	126
mater	127
pro	128
quisquis	129
vos	130
capio	131
quia	132
duco	133
ergo	134
nomen	135
quidem	136
miser	137
fortuna	138
novus	139
gravis	140
vel	141
longus	142
parvus	143
relinquo	144
saepe	145
fio	146
os	147
alter	148
semper	149
ignis	151
modo	152
timeo	153
scelus	154
debeo	155
vivo	156
fatum	157
voco	158
altus	159
paro	160
miles	161
medius	162
inquam	163
post	164
audio	165
puto	166
annus	167
sto	168
vox	169
genus	170
refero	171
scio	172
mens	173
reddo	174
licet	175
solus	176
fugio	177
ullus	178
nemo	179
natura	180
mos	181
beneficium	182
pectus	183
fides	184
patior	185
cura	186
ira	187
verbum	188
prope	189
parens	190
puer	191
moveo	192
dolor	193
gens	194
modus	195
via	196
quisque	197
amicus	198
pes	199
imperium	200
labor	201
ingens	202
talis	203
parum	204
apud	205
oculus	206
unda	207
itaque	208
vultus	209
cado	210
natus	211
quis	212
traho	213
sanguis	214
metus	215
tantum	216
consilium	217
coniunx	218
amo	219
levis	220
duo	221
ferus	222
poena	223
castrum	224
frater	225
haud	226
malus	227
iaceo	228
liber	229
iter	230
ferrum	231
spes	232
puella	233
silva	234
bene	235
finis	236
gero	237
dux	239
premo	240
dominus	241
mons	242
uterque	243
saevus	244
litus	245
soleo	246
mille	247
equus	248
durus	249
cogo	250
numquam	251
primum	252
morior	253
carmen	254
telum	255
ratio	256
umbra	257
ars	258
tot	259
dexter	260
signum	261
laetus	262
qualis	263
lex	264
periculum	265
nascor	266
exercitus	267
pereo	268
ventus	269
audeo	270
contra	271
aqua	272
rapio	273
simul	274
tristis	275
munus	276
iuvenis	277
fama	278
adsum	279
quisquam	280
vero	280
par	281
vester	282
flumen	283
quicumque	284
certus	285
fortis	286
placeo	287
verto	288
servo	289
honor	290
dignus	291
cunctus	292
tollo	293
nego	294
vetus	295
eques	296
trado	297
flamma	298
lux	299
unde	300
redeo	301
sentio	302
aurum	303
cedo	304
quo	305
saxum	306
ve	307
aetas	308
felix	309
loquor	310
quantus	311
coepi	312
igitur	313
ius	314
muto	315
invenio	316
princeps	317
ops	318
recipio	319
sol	320
consul	321
orbis	322
turba	323
ager	324
solvo	325
vitium	326
vulnus	327
inde	328
senatus	329
utor	330
copia	331
opus	332
colo	333
votum	334
iugum	335
qua	336
tellus	337
numerus	338
cognosco	339
victor	340
satis	341
patria	342
seu	343
casus	344
frango	345
civitas	346
nosco	347
proelium	348
eripio	349
mundus	350
cursus	351
vix	352
navis	353
lacrima	354
humanus	355
mollis	356
maneo	357
agmen	358
sidus	359
gloria	360
diu	361
sive	362
tamquam	363
fuga	364
tutus	365
auris	366
alienus	367
huc	368
taceo	369
legio	370
ostendo	371
socius	372
prosum	373
ara	374
lumen	375
tego	376
turpis	377
voluptas	378
adhuc	379
gratia	380
iniuria	381
latus	382
dulcis	383
postquam	384
extremus	385
tectum	386
ingenium	387
pax	388
cano	389
iuvo	390
campus	391
claudo	392
doceo	393
excipio	394
clarus	395
illic	396
procul	397
sacer	398
mora	399
longe	400
super	401
erro	402
sedes	403
cur	404
coma	405
aio	406
gaudeo	407
beatus	408
pervenio	409
verus	410
incipio	411
parco	412
vestis	413
similis	414
caedes	415
ordo	416
opto	417
virgo	418
lego	419
aura	420
impetus	421
forma	422
praesto	423
aequor	424
misceo	425
spatium	426
tandem	427
inferus	428
metuo	429
tempto	430
transeo	431
ultimus	432
addo	433
gratus	434
laudo	435
nondum	436
impono	437
somnus	438
acies	439
rursus	440
cupio	441
exspecto	442
compono	443
laus	444
absum	445
usus	446
velut	447
comes	448
ob	449
studium	450
facilis	451
numen	452
sapiens	453
sumo	454
nobilis	455
quin	456
fleo	457
nolo	458
plenus	459
adversus	460
nemus	461
carus	462
desum	463
legatus	464
disco	465
furor	466
amnis	467
arbor	468
mox	469
civis	471
occupo	472
specto	473
tergum	474
crimen	475
donum	476
notus	477
sinus	478
facies	479
rumpo	480
membrum	481
umquam	482
aspicio	483
prius	484
templum	485
amitto	486
posco	487
perdo	488
quamvis	489
tener	490
currus	491
precor	492
anima	493
contingo	494
libertas	495
servus	496
soror	497
fluctus	498
quippe	499
exigo	500
femina	501
nimius	502
fallo	503
miror	504
classis	505
sedeo	506
singuli	507
murus	508
noceo	509
quoniam	510
fax	511
intellego	512
iungo	513
affero	514
cogito	515
limen	516
publicus	517
queror	518
exemplum	519
prex	520
dubito	521
odium	522
fundo	523
funus	524
nescio	525
prior	526
usque	527
dubius	528
tendo	529
pecunia	530
quemadmodum	531
spargo	532
tres	533
tango	534
respondeo	535
timor	536
propero	537
subeo	538
valeo	539
condo	540
nefas	541
quondam	542
auxilium	543
desero	544
nudus	545
auctor	546
animal	547
decus	548
salus	549
pateo	550
rogo	551
uxor	552
abeo	553
rego	554
adeo	555
aufero	556
quantum	557
senex	558
frons	559
propter	560
regius	561
curro	562
pello	563
dives	564
iudico	565
pecus	566
potens	567
scribo	568
pulcher	569
surgo	570
ceterum	571
careo	572
efficio	573
olim	574
sermo	575
exerceo	576
gradus	577
agito	578
forte	579
honestus	580
moror	581
praesidium	582
sono	583
praebeo	584
regio	585
sententia	586
acer	587
supra	588
brevis	589
citus	590
cornu	591
ingratus	592
moenia	593
vinculum	594
ceterus	596
exeo	597
malo	598
species	599
ultra	600
certe	601
impero	602
male	603
prohibeo	604
clamor	605
dono	606
officium	607
committo	608
cresco	609
aequus	610
factum	611
caedo	612
existimo	613
accedo	614
contemno	615
pudor	616
antiquus	617
ardeo	618
ibi	619
provincia	620
quando	621
custos	622
supersum	623
desino	624
fessus	625
praeda	626
memoria	627
divido	628
pretium	629
pontus	630
varius	631
veho	632
falsus	633
niger	634
oppidum	635
pondus	636
arvum	637
arx	638
sors	639
vinum	640
diversus	641
orior	642
ecce	643
quamquam	644
confero	645
facinus	646
retineo	647
spero	648
plebs	649
pugna	650
repeto	651
constituo	652
defendo	653
maritus	654
cerno	655
superbus	656
morbus	658
sanctus	659
communis	660
deduco	661
ripa	662
concedo	663
hora	664
veto	665
cohors	666
gigno	667
supero	668
maestus	669
memini	670
impleo	671
magnitudo	672
vacuus	673
vagus	674
vulgus	675
deficio	676
occurro	677
statuo	678
ideo	679
praemium	680
praeterea	681
tertius	682
supplicium	683
vates	684
astrum	685
undique	686
canis	687
edo	688
fateor	689
amicitia	690
aureus	691
candidus	692
interim	693
frustra	694
lateo	695
securus	697
convenio	698
interficio	699
appello	700
dolus	701
permitto	702
spiritus	703
intra	704
terreo	705
fons	706
invidia	707
pugno	708
augeo	709
littera	710
moneo	711
divitiae	712
experior	713
superi	714
otium	715
vestigium	716
sino	717
decet	718
effundo	719
promitto	720
fingo	721
respicio	722
imperator	723
vaco	724
color	725
discedo	726
gaudium	727
caecus	728
libet	729
centum	730
consto	731
lingua	732
multitudo	733
aeternus	734
circa	735
oratio	736
potestas	737
tardus	738
for	739
humus	740
testis	741
infero	742
curo	743
aes	744
celer	745
procedo	746
mensa	747
pius	748
iudicium	749
victoria	750
damno	751
rarus	752
tempestas	753
imago	754
oro	755
praeter	756
consulo	757
iterum	758
porta	759
intersum	760
libido	761
sustineo	762
aliquando	763
maiores	764
reperio	765
intro	766
pietas	767
barbarus	768
culpa	769
iustus	770
donec	771
fluo	772
necesse	773
reor	774
tenebrae	775
saeculum	776
dimitto	777
cinis	779
consisto	780
recens	781
aliter	782
laedo	783
probo	784
doleo	785
quare	786
antequam	787
reliquus	788
semel	789
odi	790
sicut	791
pecco	792
sensus	793
exsilium	794
cor	795
denique	796
sapientia	797
statim	798
accido	799
decerno	800
occido	801
descendo	802
hiems	803
contineo	804
defero	805
oportet	806
tribunus	807
bos	808
irascor	809
aeger	810
forum	811
offero	812
revoco	813
cingo	814
integer	815
validus	816
alo	817
flos	818
ictus	819
colligo	820
pergo	821
praesens	822
rectus	823
praeceptum	825
recedo	826
utrum	827
fames	828
pario	829
appareo	830
quomodo	831
error	832
forsitan	833
converto	834
proficiscor	835
secundus	836
aperio	837
castus	838
iudex	839
lapis	840
nimis	841
onus	842
opera	843
pauper	844
aer	845
negotium	846
pareo	847
subito	848
argentum	849
utilis	850
aether	851
mereo	852
porto	853
proprius	854
avis	855
vanus	856
materia	857
pauci	858
voluntas	859
egregius	860
difficilis	861
gladius	862
cibus	863
certo	864
initium	865
pertineo	866
quattuor	867
turbo	868
consumo	869
corrumpo	870
incido	871
paulo	872
hospes	873
rideo	874
aevum	875
audax	876
posterus	877
praetor	878
rus	879
differo	880
vito	881
privatus	882
servio	883
vereor	884
ingredior	885
adduco	886
hortor	887
reus	888
scilicet	889
comparo	890
perpetuus	891
desidero	892
celebro	893
conficio	894
intendo	895
iuro	896
solum	897
auctoritas	898
iacio	899
laboro	900
luna	902
protinus	903
aeque	904
conor	905
cupido	906
fere	907
insula	908
filia	909
narro	910
necessitas	911
egredior	912
poeta	913
decem	914
amplus	915
aptus	916
consequor	917
frequens	918
nuntius	919
condicio	920
convivium	921
foedus	922
fruor	923
num	924
albus	925
damnum	926
fructus	927
censeo	928
prodo	929
propono	930
instituo	931
item	932
magister	933
stella	934
educo	935
frumentum	936
suscipio	937
quasi	938
sacerdos	939
vicinus	940
caveo	941
eligo	942
familia	943
paene	944
praecipio	945
sanus	946
potis	947
principium	948
sepulcrum	949
mortalis	950
epistula	951
inimicus	952
interrogo	953
consuetudo	954
illuc	955
dignitas	956
fugo	957
afficio	958
adhibeo	959
caelestis	960
mulier	961
divus	962
arbitror	963
postea	964
aedes	965
fabula	966
celeriter	967
quiesco	969
quotiens	970
scientia	971
confiteor	972
diligo	973
plerumque	974
dormio	975
volucris	976
volucer	977
creo	978
fidelis	979
indico	980
hodie	981
disciplina	982
vere	983
aegre	984
fore	985
adverto	986
advenio	987
pendo	988
studeo	989
ascendo	990
vulgo	991
breviter	992
fors	993
feliciter	994
reverto	995
edico	996
